PeB,PeA,xA,PS
0,0,0,0
0,0,10,0
0,0,20,0
0,0,30,0
0,0,40,0
0,0,50,0
0,0,60,0
0,0,70,0
0,0,80,0
0,0,90,0
0,0,100,0
0,10,0,0
0,10,10,0
0,10,20,0
0,10,30,0
0,10,40,0
0,10,50,0
0,10,60,0
0,10,70,0
0,10,80,0
0,10,90,0
0,10,100,0
0,20,0,0
0,20,10,0
0,20,20,0
0,20,30,0
0,20,40,0
0,20,50,0
0,20,60,0
0,20,70,0
0,20,80,0
0,20,90,0
0,20,100,0
0,30,0,0
0,30,10,0
0,30,20,0
0,30,30,0
0,30,40,0
0,30,50,0
0,30,60,0
0,30,70,0
0,30,80,0
0,30,90,0
0,30,100,0
0,40,0,0
0,40,10,0
0,40,20,0
0,40,30,0
0,40,40,0
0,40,50,0
0,40,60,0
0,40,70,0
0,40,80,0
0,40,90,0
0,40,100,0
0,50,0,0
0,50,10,0
0,50,20,0
0,50,30,0
0,50,40,0
0,50,50,0
0,50,60,0
0,50,70,0
0,50,80,0
0,50,90,0
0,50,100,1
0,60,0,0
0,60,10,0
0,60,20,0
0,60,30,0
0,60,40,0
0,60,50,0
0,60,60,0
0,60,70,0
0,60,80,1
0,60,90,1
0,60,100,1
0,70,0,0
0,70,10,0
0,70,20,0
0,70,30,0
0,70,40,0
0,70,50,0
0,70,60,0
0,70,70,1
0,70,80,1
0,70,90,1
0,70,100,1
0,80,0,0
0,80,10,0
0,80,20,0
0,80,30,0
0,80,40,0
0,80,50,0
0,80,60,1
0,80,70,1
0,80,80,1
0,80,90,1
0,80,100,1
0,90,0,0
0,90,10,0
0,90,20,0
0,90,30,0
0,90,40,0
0,90,50,1
0,90,60,1
0,90,70,1
0,90,80,1
0,90,90,1
0,90,100,1
0,100,0,0
0,100,10,0
0,100,20,0
0,100,30,0
0,100,40,0
0,100,50,1
0,100,60,1
0,100,70,1
0,100,80,1
0,100,90,1
0,100,100,1
0,110,0,0
0,110,10,0
0,110,20,0
0,110,30,0
0,110,40,1
0,110,50,1
0,110,60,1
0,110,70,1
0,110,80,1
0,110,90,1
0,110,100,1
0,120,0,0
0,120,10,0
0,120,20,0
0,120,30,0
0,120,40,1
0,120,50,1
0,120,60,1
0,120,70,1
0,120,80,1
0,120,90,1
0,120,100,1
0,130,0,0
0,130,10,0
0,130,20,0
0,130,30,0
0,130,40,1
0,130,50,1
0,130,60,1
0,130,70,1
0,130,80,1
0,130,90,1
0,130,100,1
0,140,0,0
0,140,10,0
0,140,20,0
0,140,30,0
0,140,40,1
0,140,50,1
0,140,60,1
0,140,70,1
0,140,80,1
0,140,90,1
0,140,100,1
0,150,0,0
0,150,10,0
0,150,20,0
0,150,30,1
0,150,40,1
0,150,50,1
0,150,60,1
0,150,70,1
0,150,80,1
0,150,90,1
0,150,100,1
10,0,0,0
10,0,10,0
10,0,20,0
10,0,30,0
10,0,40,0
10,0,50,0
10,0,60,0
10,0,70,0
10,0,80,0
10,0,90,0
10,0,100,0
10,10,0,0
10,10,10,0
10,10,20,0
10,10,30,0
10,10,40,0
10,10,50,0
10,10,60,0
10,10,70,0
10,10,80,0
10,10,90,0
10,10,100,0
10,20,0,0
10,20,10,0
10,20,20,0
10,20,30,0
10,20,40,0
10,20,50,0
10,20,60,0
10,20,70,0
10,20,80,0
10,20,90,0
10,20,100,0
10,30,0,0
10,30,10,0
10,30,20,0
10,30,30,0
10,30,40,0
10,30,50,0
10,30,60,0
10,30,70,0
10,30,80,0
10,30,90,0
10,30,100,0
10,40,0,0
10,40,10,0
10,40,20,0
10,40,30,0
10,40,40,0
10,40,50,0
10,40,60,0
10,40,70,0
10,40,80,0
10,40,90,0
10,40,100,0
10,50,0,0
10,50,10,0
10,50,20,0
10,50,30,0
10,50,40,0
10,50,50,0
10,50,60,0
10,50,70,0
10,50,80,0
10,50,90,1
10,50,100,1
10,60,0,0
10,60,10,0
10,60,20,0
10,60,30,0
10,60,40,0
10,60,50,0
10,60,60,0
10,60,70,0
10,60,80,1
10,60,90,1
10,60,100,1
10,70,0,0
10,70,10,0
10,70,20,0
10,70,30,0
10,70,40,0
10,70,50,0
10,70,60,0
10,70,70,1
10,70,80,1
10,70,90,1
10,70,100,1
10,80,0,0
10,80,10,0
10,80,20,0
10,80,30,0
10,80,40,0
10,80,50,0
10,80,60,1
10,80,70,1
10,80,80,1
10,80,90,1
10,80,100,1
10,90,0,0
10,90,10,0
10,90,20,0
10,90,30,0
10,90,40,0
10,90,50,1
10,90,60,1
10,90,70,1
10,90,80,1
10,90,90,1
10,90,100,1
10,100,0,0
10,100,10,0
10,100,20,0
10,100,30,0
10,100,40,1
10,100,50,1
10,100,60,1
10,100,70,1
10,100,80,1
10,100,90,1
10,100,100,1
10,110,0,0
10,110,10,0
10,110,20,0
10,110,30,0
10,110,40,1
10,110,50,1
10,110,60,1
10,110,70,1
10,110,80,1
10,110,90,1
10,110,100,1
10,120,0,0
10,120,10,0
10,120,20,0
10,120,30,0
10,120,40,1
10,120,50,1
10,120,60,1
10,120,70,1
10,120,80,1
10,120,90,1
10,120,100,1
10,130,0,0
10,130,10,0
10,130,20,0
10,130,30,1
10,130,40,1
10,130,50,1
10,130,60,1
10,130,70,1
10,130,80,1
10,130,90,1
10,130,100,1
10,140,0,0
10,140,10,0
10,140,20,0
10,140,30,1
10,140,40,1
10,140,50,1
10,140,60,1
10,140,70,1
10,140,80,1
10,140,90,1
10,140,100,1
10,150,0,0
10,150,10,0
10,150,20,0
10,150,30,1
10,150,40,1
10,150,50,1
10,150,60,1
10,150,70,1
10,150,80,1
10,150,90,1
10,150,100,1
20,0,0,0
20,0,10,0
20,0,20,0
20,0,30,0
20,0,40,0
20,0,50,0
20,0,60,0
20,0,70,0
20,0,80,0
20,0,90,0
20,0,100,0
20,10,0,0
20,10,10,0
20,10,20,0
20,10,30,0
20,10,40,0
20,10,50,0
20,10,60,0
20,10,70,0
20,10,80,0
20,10,90,0
20,10,100,0
20,20,0,0
20,20,10,0
20,20,20,0
20,20,30,0
20,20,40,0
20,20,50,0
20,20,60,0
20,20,70,0
20,20,80,0
20,20,90,0
20,20,100,0
20,30,0,0
20,30,10,0
20,30,20,0
20,30,30,0
20,30,40,0
20,30,50,0
20,30,60,0
20,30,70,0
20,30,80,0
20,30,90,0
20,30,100,0
20,40,0,0
20,40,10,0
20,40,20,0
20,40,30,0
20,40,40,0
20,40,50,0
20,40,60,0
20,40,70,0
20,40,80,0
20,40,90,0
20,40,100,0
20,50,0,0
20,50,10,0
20,50,20,0
20,50,30,0
20,50,40,0
20,50,50,0
20,50,60,0
20,50,70,0
20,50,80,0
20,50,90,1
20,50,100,1
20,60,0,0
20,60,10,0
20,60,20,0
20,60,30,0
20,60,40,0
20,60,50,0
20,60,60,0
20,60,70,1
20,60,80,1
20,60,90,1
20,60,100,1
20,70,0,0
20,70,10,0
20,70,20,0
20,70,30,0
20,70,40,0
20,70,50,0
20,70,60,1
20,70,70,1
20,70,80,1
20,70,90,1
20,70,100,1
20,80,0,0
20,80,10,0
20,80,20,0
20,80,30,0
20,80,40,0
20,80,50,1
20,80,60,1
20,80,70,1
20,80,80,1
20,80,90,1
20,80,100,1
20,90,0,0
20,90,10,0
20,90,20,0
20,90,30,0
20,90,40,1
20,90,50,1
20,90,60,1
20,90,70,1
20,90,80,1
20,90,90,1
20,90,100,1
20,100,0,0
20,100,10,0
20,100,20,0
20,100,30,0
20,100,40,1
20,100,50,1
20,100,60,1
20,100,70,1
20,100,80,1
20,100,90,1
20,100,100,1
20,110,0,0
20,110,10,0
20,110,20,0
20,110,30,1
20,110,40,1
20,110,50,1
20,110,60,1
20,110,70,1
20,110,80,1
20,110,90,1
20,110,100,1
20,120,0,0
20,120,10,0
20,120,20,0
20,120,30,1
20,120,40,1
20,120,50,1
20,120,60,1
20,120,70,1
20,120,80,1
20,120,90,1
20,120,100,1
20,130,0,0
20,130,10,0
20,130,20,0
20,130,30,1
20,130,40,1
20,130,50,1
20,130,60,1
20,130,70,1
20,130,80,1
20,130,90,1
20,130,100,1
20,140,0,0
20,140,10,0
20,140,20,0
20,140,30,1
20,140,40,1
20,140,50,1
20,140,60,1
20,140,70,1
20,140,80,1
20,140,90,1
20,140,100,1
20,150,0,0
20,150,10,0
20,150,20,0
20,150,30,1
20,150,40,1
20,150,50,1
20,150,60,1
20,150,70,1
20,150,80,1
20,150,90,1
20,150,100,1
30,0,0,0
30,0,10,0
30,0,20,0
30,0,30,0
30,0,40,0
30,0,50,0
30,0,60,0
30,0,70,0
30,0,80,0
30,0,90,0
30,0,100,0
30,10,0,0
30,10,10,0
30,10,20,0
30,10,30,0
30,10,40,0
30,10,50,0
30,10,60,0
30,10,70,0
30,10,80,0
30,10,90,0
30,10,100,0
30,20,0,0
30,20,10,0
30,20,20,0
30,20,30,0
30,20,40,0
30,20,50,0
30,20,60,0
30,20,70,0
30,20,80,0
30,20,90,0
30,20,100,0
30,30,0,0
30,30,10,0
30,30,20,0
30,30,30,0
30,30,40,0
30,30,50,0
30,30,60,0
30,30,70,0
30,30,80,0
30,30,90,0
30,30,100,0
30,40,0,0
30,40,10,0
30,40,20,0
30,40,30,0
30,40,40,0
30,40,50,0
30,40,60,0
30,40,70,0
30,40,80,0
30,40,90,0
30,40,100,0
30,50,0,0
30,50,10,0
30,50,20,0
30,50,30,0
30,50,40,0
30,50,50,0
30,50,60,0
30,50,70,0
30,50,80,1
30,50,90,1
30,50,100,1
30,60,0,0
30,60,10,0
30,60,20,0
30,60,30,0
30,60,40,0
30,60,50,0
30,60,60,1
30,60,70,1
30,60,80,1
30,60,90,1
30,60,100,1
30,70,0,0
30,70,10,0
30,70,20,0
30,70,30,0
30,70,40,0
30,70,50,1
30,70,60,1
30,70,70,1
30,70,80,1
30,70,90,1
30,70,100,1
30,80,0,0
30,80,10,0
30,80,20,0
30,80,30,0
30,80,40,1
30,80,50,1
30,80,60,1
30,80,70,1
30,80,80,1
30,80,90,1
30,80,100,1
30,90,0,0
30,90,10,0
30,90,20,0
30,90,30,1
30,90,40,1
30,90,50,1
30,90,60,1
30,90,70,1
30,90,80,1
30,90,90,1
30,90,100,1
30,100,0,0
30,100,10,0
30,100,20,0
30,100,30,1
30,100,40,1
30,100,50,1
30,100,60,1
30,100,70,1
30,100,80,1
30,100,90,1
30,100,100,1
30,110,0,0
30,110,10,0
30,110,20,0
30,110,30,1
30,110,40,1
30,110,50,1
30,110,60,1
30,110,70,1
30,110,80,1
30,110,90,1
30,110,100,1
30,120,0,0
30,120,10,0
30,120,20,1
30,120,30,1
30,120,40,1
30,120,50,1
30,120,60,1
30,120,70,1
30,120,80,1
30,120,90,1
30,120,100,1
30,130,0,0
30,130,10,0
30,130,20,1
30,130,30,1
30,130,40,1
30,130,50,1
30,130,60,1
30,130,70,1
30,130,80,1
30,130,90,1
30,130,100,1
30,140,0,0
30,140,10,0
30,140,20,1
30,140,30,1
30,140,40,1
30,140,50,1
30,140,60,1
30,140,70,1
30,140,80,1
30,140,90,1
30,140,100,1
30,150,0,0
30,150,10,0
30,150,20,1
30,150,30,1
30,150,40,1
30,150,50,1
30,150,60,1
30,150,70,1
30,150,80,1
30,150,90,1
30,150,100,1
40,0,0,0
40,0,10,0
40,0,20,0
40,0,30,0
40,0,40,0
40,0,50,0
40,0,60,0
40,0,70,0
40,0,80,0
40,0,90,0
40,0,100,0
40,10,0,0
40,10,10,0
40,10,20,0
40,10,30,0
40,10,40,0
40,10,50,0
40,10,60,0
40,10,70,0
40,10,80,0
40,10,90,0
40,10,100,0
40,20,0,0
40,20,10,0
40,20,20,0
40,20,30,0
40,20,40,0
40,20,50,0
40,20,60,0
40,20,70,0
40,20,80,0
40,20,90,0
40,20,100,0
40,30,0,0
40,30,10,0
40,30,20,0
40,30,30,0
40,30,40,0
40,30,50,0
40,30,60,0
40,30,70,0
40,30,80,0
40,30,90,0
40,30,100,0
40,40,0,0
40,40,10,0
40,40,20,0
40,40,30,0
40,40,40,0
40,40,50,0
40,40,60,0
40,40,70,0
40,40,80,0
40,40,90,0
40,40,100,0
40,50,0,0
40,50,10,0
40,50,20,0
40,50,30,0
40,50,40,0
40,50,50,0
40,50,60,1
40,50,70,1
40,50,80,1
40,50,90,1
40,50,100,1
40,60,0,0
40,60,10,0
40,60,20,0
40,60,30,1
40,60,40,1
40,60,50,1
40,60,60,1
40,60,70,1
40,60,80,1
40,60,90,1
40,60,100,1
40,70,0,0
40,70,10,0
40,70,20,0
40,70,30,1
40,70,40,1
40,70,50,1
40,70,60,1
40,70,70,1
40,70,80,1
40,70,90,1
40,70,100,1
40,80,0,0
40,80,10,0
40,80,20,1
40,80,30,1
40,80,40,1
40,80,50,1
40,80,60,1
40,80,70,1
40,80,80,1
40,80,90,1
40,80,100,1
40,90,0,0
40,90,10,0
40,90,20,1
40,90,30,1
40,90,40,1
40,90,50,1
40,90,60,1
40,90,70,1
40,90,80,1
40,90,90,1
40,90,100,1
40,100,0,0
40,100,10,0
40,100,20,1
40,100,30,1
40,100,40,1
40,100,50,1
40,100,60,1
40,100,70,1
40,100,80,1
40,100,90,1
40,100,100,1
40,110,0,0
40,110,10,1
40,110,20,1
40,110,30,1
40,110,40,1
40,110,50,1
40,110,60,1
40,110,70,1
40,110,80,1
40,110,90,1
40,110,100,1
40,120,0,0
40,120,10,1
40,120,20,1
40,120,30,1
40,120,40,1
40,120,50,1
40,120,60,1
40,120,70,1
40,120,80,1
40,120,90,1
40,120,100,1
40,130,0,0
40,130,10,1
40,130,20,1
40,130,30,1
40,130,40,1
40,130,50,1
40,130,60,1
40,130,70,1
40,130,80,1
40,130,90,1
40,130,100,1
40,140,0,0
40,140,10,1
40,140,20,1
40,140,30,1
40,140,40,1
40,140,50,1
40,140,60,1
40,140,70,1
40,140,80,1
40,140,90,1
40,140,100,1
40,150,0,0
40,150,10,1
40,150,20,1
40,150,30,1
40,150,40,1
40,150,50,1
40,150,60,1
40,150,70,1
40,150,80,1
40,150,90,1
40,150,100,1
50,0,0,0
50,0,10,0
50,0,20,0
50,0,30,0
50,0,40,0
50,0,50,0
50,0,60,0
50,0,70,0
50,0,80,0
50,0,90,0
50,0,100,0
50,10,0,1
50,10,10,1
50,10,20,0
50,10,30,0
50,10,40,0
50,10,50,0
50,10,60,0
50,10,70,0
50,10,80,0
50,10,90,0
50,10,100,0
50,20,0,1
50,20,10,1
50,20,20,0
50,20,30,0
50,20,40,0
50,20,50,0
50,20,60,0
50,20,70,0
50,20,80,0
50,20,90,0
50,20,100,0
50,30,0,1
50,30,10,1
50,30,20,1
50,30,30,0
50,30,40,0
50,30,50,0
50,30,60,0
50,30,70,0
50,30,80,0
50,30,90,0
50,30,100,0
50,40,0,1
50,40,10,1
50,40,20,1
50,40,30,1
50,40,40,1
50,40,50,0
50,40,60,0
50,40,70,0
50,40,80,0
50,40,90,0
50,40,100,0
50,50,0,1
50,50,10,1
50,50,20,1
50,50,30,1
50,50,40,1
50,50,50,1
50,50,60,1
50,50,70,1
50,50,80,1
50,50,90,1
50,50,100,1
50,60,0,1
50,60,10,1
50,60,20,1
50,60,30,1
50,60,40,1
50,60,50,1
50,60,60,1
50,60,70,1
50,60,80,1
50,60,90,1
50,60,100,1
50,70,0,1
50,70,10,1
50,70,20,1
50,70,30,1
50,70,40,1
50,70,50,1
50,70,60,1
50,70,70,1
50,70,80,1
50,70,90,1
50,70,100,1
50,80,0,1
50,80,10,1
50,80,20,1
50,80,30,1
50,80,40,1
50,80,50,1
50,80,60,1
50,80,70,1
50,80,80,1
50,80,90,1
50,80,100,1
50,90,0,1
50,90,10,1
50,90,20,1
50,90,30,1
50,90,40,1
50,90,50,1
50,90,60,1
50,90,70,1
50,90,80,1
50,90,90,1
50,90,100,1
50,100,0,1
50,100,10,1
50,100,20,1
50,100,30,1
50,100,40,1
50,100,50,1
50,100,60,1
50,100,70,1
50,100,80,1
50,100,90,1
50,100,100,1
50,110,0,1
50,110,10,1
50,110,20,1
50,110,30,1
50,110,40,1
50,110,50,1
50,110,60,1
50,110,70,1
50,110,80,1
50,110,90,1
50,110,100,1
50,120,0,1
50,120,10,1
50,120,20,1
50,120,30,1
50,120,40,1
50,120,50,1
50,120,60,1
50,120,70,1
50,120,80,1
50,120,90,1
50,120,100,1
50,130,0,1
50,130,10,1
50,130,20,1
50,130,30,1
50,130,40,1
50,130,50,1
50,130,60,1
50,130,70,1
50,130,80,1
50,130,90,1
50,130,100,1
50,140,0,1
50,140,10,1
50,140,20,1
50,140,30,1
50,140,40,1
50,140,50,1
50,140,60,1
50,140,70,1
50,140,80,1
50,140,90,1
50,140,100,1
50,150,0,1
50,150,10,1
50,150,20,1
50,150,30,1
50,150,40,1
50,150,50,1
50,150,60,1
50,150,70,1
50,150,80,1
50,150,90,1
50,150,100,1
60,0,0,1
60,0,10,1
60,0,20,1
60,0,30,0
60,0,40,0
60,0,50,0
60,0,60,0
60,0,70,0
60,0,80,0
60,0,90,0
60,0,100,0
60,10,0,1
60,10,10,1
60,10,20,1
60,10,30,0
60,10,40,0
60,10,50,0
60,10,60,0
60,10,70,0
60,10,80,0
60,10,90,0
60,10,100,0
60,20,0,1
60,20,10,1
60,20,20,1
60,20,30,1
60,20,40,0
60,20,50,0
60,20,60,0
60,20,70,0
60,20,80,0
60,20,90,0
60,20,100,0
60,30,0,1
60,30,10,1
60,30,20,1
60,30,30,1
60,30,40,1
60,30,50,0
60,30,60,0
60,30,70,0
60,30,80,0
60,30,90,0
60,30,100,0
60,40,0,1
60,40,10,1
60,40,20,1
60,40,30,1
60,40,40,1
60,40,50,1
60,40,60,1
60,40,70,1
60,40,80,0
60,40,90,0
60,40,100,0
60,50,0,1
60,50,10,1
60,50,20,1
60,50,30,1
60,50,40,1
60,50,50,1
60,50,60,1
60,50,70,1
60,50,80,1
60,50,90,1
60,50,100,1
60,60,0,1
60,60,10,1
60,60,20,1
60,60,30,1
60,60,40,1
60,60,50,1
60,60,60,1
60,60,70,1
60,60,80,1
60,60,90,1
60,60,100,1
60,70,0,1
60,70,10,1
60,70,20,1
60,70,30,1
60,70,40,1
60,70,50,1
60,70,60,1
60,70,70,1
60,70,80,1
60,70,90,1
60,70,100,1
60,80,0,1
60,80,10,1
60,80,20,1
60,80,30,1
60,80,40,1
60,80,50,1
60,80,60,1
60,80,70,1
60,80,80,1
60,80,90,1
60,80,100,1
60,90,0,1
60,90,10,1
60,90,20,1
60,90,30,1
60,90,40,1
60,90,50,1
60,90,60,1
60,90,70,1
60,90,80,1
60,90,90,1
60,90,100,1
60,100,0,1
60,100,10,1
60,100,20,1
60,100,30,1
60,100,40,1
60,100,50,1
60,100,60,1
60,100,70,1
60,100,80,1
60,100,90,1
60,100,100,1
60,110,0,1
60,110,10,1
60,110,20,1
60,110,30,1
60,110,40,1
60,110,50,1
60,110,60,1
60,110,70,1
60,110,80,1
60,110,90,1
60,110,100,1
60,120,0,1
60,120,10,1
60,120,20,1
60,120,30,1
60,120,40,1
60,120,50,1
60,120,60,1
60,120,70,1
60,120,80,1
60,120,90,1
60,120,100,1
60,130,0,1
60,130,10,1
60,130,20,1
60,130,30,1
60,130,40,1
60,130,50,1
60,130,60,1
60,130,70,1
60,130,80,1
60,130,90,1
60,130,100,1
60,140,0,1
60,140,10,1
60,140,20,1
60,140,30,1
60,140,40,1
60,140,50,1
60,140,60,1
60,140,70,1
60,140,80,1
60,140,90,1
60,140,100,1
60,150,0,1
60,150,10,1
60,150,20,1
60,150,30,1
60,150,40,1
60,150,50,1
60,150,60,1
60,150,70,1
60,150,80,1
60,150,90,1
60,150,100,1
70,0,0,1
70,0,10,1
70,0,20,1
70,0,30,1
70,0,40,0
70,0,50,0
70,0,60,0
70,0,70,0
70,0,80,0
70,0,90,0
70,0,100,0
70,10,0,1
70,10,10,1
70,10,20,1
70,10,30,1
70,10,40,1
70,10,50,0
70,10,60,0
70,10,70,0
70,10,80,0
70,10,90,0
70,10,100,0
70,20,0,1
70,20,10,1
70,20,20,1
70,20,30,1
70,20,40,1
70,20,50,0
70,20,60,0
70,20,70,0
70,20,80,0
70,20,90,0
70,20,100,0
70,30,0,1
70,30,10,1
70,30,20,1
70,30,30,1
70,30,40,1
70,30,50,1
70,30,60,0
70,30,70,0
70,30,80,0
70,30,90,0
70,30,100,0
70,40,0,1
70,40,10,1
70,40,20,1
70,40,30,1
70,40,40,1
70,40,50,1
70,40,60,1
70,40,70,1
70,40,80,1
70,40,90,0
70,40,100,0
70,50,0,1
70,50,10,1
70,50,20,1
70,50,30,1
70,50,40,1
70,50,50,1
70,50,60,1
70,50,70,1
70,50,80,1
70,50,90,1
70,50,100,1
70,60,0,1
70,60,10,1
70,60,20,1
70,60,30,1
70,60,40,1
70,60,50,1
70,60,60,1
70,60,70,1
70,60,80,1
70,60,90,1
70,60,100,1
70,70,0,1
70,70,10,1
70,70,20,1
70,70,30,1
70,70,40,1
70,70,50,1
70,70,60,1
70,70,70,1
70,70,80,1
70,70,90,1
70,70,100,1
70,80,0,1
70,80,10,1
70,80,20,1
70,80,30,1
70,80,40,1
70,80,50,1
70,80,60,1
70,80,70,1
70,80,80,1
70,80,90,1
70,80,100,1
70,90,0,1
70,90,10,1
70,90,20,1
70,90,30,1
70,90,40,1
70,90,50,1
70,90,60,1
70,90,70,1
70,90,80,1
70,90,90,1
70,90,100,1
70,100,0,1
70,100,10,1
70,100,20,1
70,100,30,1
70,100,40,1
70,100,50,1
70,100,60,1
70,100,70,1
70,100,80,1
70,100,90,1
70,100,100,1
70,110,0,1
70,110,10,1
70,110,20,1
70,110,30,1
70,110,40,1
70,110,50,1
70,110,60,1
70,110,70,1
70,110,80,1
70,110,90,1
70,110,100,1
70,120,0,1
70,120,10,1
70,120,20,1
70,120,30,1
70,120,40,1
70,120,50,1
70,120,60,1
70,120,70,1
70,120,80,1
70,120,90,1
70,120,100,1
70,130,0,1
70,130,10,1
70,130,20,1
70,130,30,1
70,130,40,1
70,130,50,1
70,130,60,1
70,130,70,1
70,130,80,1
70,130,90,1
70,130,100,1
70,140,0,1
70,140,10,1
70,140,20,1
70,140,30,1
70,140,40,1
70,140,50,1
70,140,60,1
70,140,70,1
70,140,80,1
70,140,90,1
70,140,100,1
70,150,0,1
70,150,10,1
70,150,20,1
70,150,30,1
70,150,40,1
70,150,50,1
70,150,60,1
70,150,70,1
70,150,80,1
70,150,90,1
70,150,100,1
80,0,0,1
80,0,10,1
80,0,20,1
80,0,30,1
80,0,40,1
80,0,50,0
80,0,60,0
80,0,70,0
80,0,80,0
80,0,90,0
80,0,100,0
80,10,0,1
80,10,10,1
80,10,20,1
80,10,30,1
80,10,40,1
80,10,50,0
80,10,60,0
80,10,70,0
80,10,80,0
80,10,90,0
80,10,100,0
80,20,0,1
80,20,10,1
80,20,20,1
80,20,30,1
80,20,40,1
80,20,50,1
80,20,60,0
80,20,70,0
80,20,80,0
80,20,90,0
80,20,100,0
80,30,0,1
80,30,10,1
80,30,20,1
80,30,30,1
80,30,40,1
80,30,50,1
80,30,60,1
80,30,70,0
80,30,80,0
80,30,90,0
80,30,100,0
80,40,0,1
80,40,10,1
80,40,20,1
80,40,30,1
80,40,40,1
80,40,50,1
80,40,60,1
80,40,70,1
80,40,80,1
80,40,90,0
80,40,100,0
80,50,0,1
80,50,10,1
80,50,20,1
80,50,30,1
80,50,40,1
80,50,50,1
80,50,60,1
80,50,70,1
80,50,80,1
80,50,90,1
80,50,100,1
80,60,0,1
80,60,10,1
80,60,20,1
80,60,30,1
80,60,40,1
80,60,50,1
80,60,60,1
80,60,70,1
80,60,80,1
80,60,90,1
80,60,100,1
80,70,0,1
80,70,10,1
80,70,20,1
80,70,30,1
80,70,40,1
80,70,50,1
80,70,60,1
80,70,70,1
80,70,80,1
80,70,90,1
80,70,100,1
80,80,0,1
80,80,10,1
80,80,20,1
80,80,30,1
80,80,40,1
80,80,50,1
80,80,60,1
80,80,70,1
80,80,80,1
80,80,90,1
80,80,100,1
80,90,0,1
80,90,10,1
80,90,20,1
80,90,30,1
80,90,40,1
80,90,50,1
80,90,60,1
80,90,70,1
80,90,80,1
80,90,90,1
80,90,100,1
80,100,0,1
80,100,10,1
80,100,20,1
80,100,30,1
80,100,40,1
80,100,50,1
80,100,60,1
80,100,70,1
80,100,80,1
80,100,90,1
80,100,100,1
80,110,0,1
80,110,10,1
80,110,20,1
80,110,30,1
80,110,40,1
80,110,50,1
80,110,60,1
80,110,70,1
80,110,80,1
80,110,90,1
80,110,100,1
80,120,0,1
80,120,10,1
80,120,20,1
80,120,30,1
80,120,40,1
80,120,50,1
80,120,60,1
80,120,70,1
80,120,80,1
80,120,90,1
80,120,100,1
80,130,0,1
80,130,10,1
80,130,20,1
80,130,30,1
80,130,40,1
80,130,50,1
80,130,60,1
80,130,70,1
80,130,80,1
80,130,90,1
80,130,100,1
80,140,0,1
80,140,10,1
80,140,20,1
80,140,30,1
80,140,40,1
80,140,50,1
80,140,60,1
80,140,70,1
80,140,80,1
80,140,90,1
80,140,100,1
80,150,0,1
80,150,10,1
80,150,20,1
80,150,30,1
80,150,40,1
80,150,50,1
80,150,60,1
80,150,70,1
80,150,80,1
80,150,90,1
80,150,100,1
90,0,0,1
90,0,10,1
90,0,20,1
90,0,30,1
90,0,40,1
90,0,50,1
90,0,60,0
90,0,70,0
90,0,80,0
90,0,90,0
90,0,100,0
90,10,0,1
90,10,10,1
90,10,20,1
90,10,30,1
90,10,40,1
90,10,50,1
90,10,60,0
90,10,70,0
90,10,80,0
90,10,90,0
90,10,100,0
90,20,0,1
90,20,10,1
90,20,20,1
90,20,30,1
90,20,40,1
90,20,50,1
90,20,60,1
90,20,70,0
90,20,80,0
90,20,90,0
90,20,100,0
90,30,0,1
90,30,10,1
90,30,20,1
90,30,30,1
90,30,40,1
90,30,50,1
90,30,60,1
90,30,70,1
90,30,80,0
90,30,90,0
90,30,100,0
90,40,0,1
90,40,10,1
90,40,20,1
90,40,30,1
90,40,40,1
90,40,50,1
90,40,60,1
90,40,70,1
90,40,80,1
90,40,90,0
90,40,100,0
90,50,0,1
90,50,10,1
90,50,20,1
90,50,30,1
90,50,40,1
90,50,50,1
90,50,60,1
90,50,70,1
90,50,80,1
90,50,90,1
90,50,100,1
90,60,0,1
90,60,10,1
90,60,20,1
90,60,30,1
90,60,40,1
90,60,50,1
90,60,60,1
90,60,70,1
90,60,80,1
90,60,90,1
90,60,100,1
90,70,0,1
90,70,10,1
90,70,20,1
90,70,30,1
90,70,40,1
90,70,50,1
90,70,60,1
90,70,70,1
90,70,80,1
90,70,90,1
90,70,100,1
90,80,0,1
90,80,10,1
90,80,20,1
90,80,30,1
90,80,40,1
90,80,50,1
90,80,60,1
90,80,70,1
90,80,80,1
90,80,90,1
90,80,100,1
90,90,0,1
90,90,10,1
90,90,20,1
90,90,30,1
90,90,40,1
90,90,50,1
90,90,60,1
90,90,70,1
90,90,80,1
90,90,90,1
90,90,100,1
90,100,0,1
90,100,10,1
90,100,20,1
90,100,30,1
90,100,40,1
90,100,50,1
90,100,60,1
90,100,70,1
90,100,80,1
90,100,90,1
90,100,100,1
90,110,0,1
90,110,10,1
90,110,20,1
90,110,30,1
90,110,40,1
90,110,50,1
90,110,60,1
90,110,70,1
90,110,80,1
90,110,90,1
90,110,100,1
90,120,0,1
90,120,10,1
90,120,20,1
90,120,30,1
90,120,40,1
90,120,50,1
90,120,60,1
90,120,70,1
90,120,80,1
90,120,90,1
90,120,100,1
90,130,0,1
90,130,10,1
90,130,20,1
90,130,30,1
90,130,40,1
90,130,50,1
90,130,60,1
90,130,70,1
90,130,80,1
90,130,90,1
90,130,100,1
90,140,0,1
90,140,10,1
90,140,20,1
90,140,30,1
90,140,40,1
90,140,50,1
90,140,60,1
90,140,70,1
90,140,80,1
90,140,90,1
90,140,100,1
90,150,0,1
90,150,10,1
90,150,20,1
90,150,30,1
90,150,40,1
90,150,50,1
90,150,60,1
90,150,70,1
90,150,80,1
90,150,90,1
90,150,100,1
100,0,0,1
100,0,10,1
100,0,20,1
100,0,30,1
100,0,40,1
100,0,50,1
100,0,60,0
100,0,70,0
100,0,80,0
100,0,90,0
100,0,100,0
100,10,0,1
100,10,10,1
100,10,20,1
100,10,30,1
100,10,40,1
100,10,50,1
100,10,60,1
100,10,70,0
100,10,80,0
100,10,90,0
100,10,100,0
100,20,0,1
100,20,10,1
100,20,20,1
100,20,30,1
100,20,40,1
100,20,50,1
100,20,60,1
100,20,70,0
100,20,80,0
100,20,90,0
100,20,100,0
100,30,0,1
100,30,10,1
100,30,20,1
100,30,30,1
100,30,40,1
100,30,50,1
100,30,60,1
100,30,70,1
100,30,80,0
100,30,90,0
100,30,100,0
100,40,0,1
100,40,10,1
100,40,20,1
100,40,30,1
100,40,40,1
100,40,50,1
100,40,60,1
100,40,70,1
100,40,80,1
100,40,90,1
100,40,100,0
100,50,0,1
100,50,10,1
100,50,20,1
100,50,30,1
100,50,40,1
100,50,50,1
100,50,60,1
100,50,70,1
100,50,80,1
100,50,90,1
100,50,100,1
100,60,0,1
100,60,10,1
100,60,20,1
100,60,30,1
100,60,40,1
100,60,50,1
100,60,60,1
100,60,70,1
100,60,80,1
100,60,90,1
100,60,100,1
100,70,0,1
100,70,10,1
100,70,20,1
100,70,30,1
100,70,40,1
100,70,50,1
100,70,60,1
100,70,70,1
100,70,80,1
100,70,90,1
100,70,100,1
100,80,0,1
100,80,10,1
100,80,20,1
100,80,30,1
100,80,40,1
100,80,50,1
100,80,60,1
100,80,70,1
100,80,80,1
100,80,90,1
100,80,100,1
100,90,0,1
100,90,10,1
100,90,20,1
100,90,30,1
100,90,40,1
100,90,50,1
100,90,60,1
100,90,70,1
100,90,80,1
100,90,90,1
100,90,100,1
100,100,0,1
100,100,10,1
100,100,20,1
100,100,30,1
100,100,40,1
100,100,50,1
100,100,60,1
100,100,70,1
100,100,80,1
100,100,90,1
100,100,100,1
100,110,0,1
100,110,10,1
100,110,20,1
100,110,30,1
100,110,40,1
100,110,50,1
100,110,60,1
100,110,70,1
100,110,80,1
100,110,90,1
100,110,100,1
100,120,0,1
100,120,10,1
100,120,20,1
100,120,30,1
100,120,40,1
100,120,50,1
100,120,60,1
100,120,70,1
100,120,80,1
100,120,90,1
100,120,100,1
100,130,0,1
100,130,10,1
100,130,20,1
100,130,30,1
100,130,40,1
100,130,50,1
100,130,60,1
100,130,70,1
100,130,80,1
100,130,90,1
100,130,100,1
100,140,0,1
100,140,10,1
100,140,20,1
100,140,30,1
100,140,40,1
100,140,50,1
100,140,60,1
100,140,70,1
100,140,80,1
100,140,90,1
100,140,100,1
100,150,0,1
100,150,10,1
100,150,20,1
100,150,30,1
100,150,40,1
100,150,50,1
100,150,60,1
100,150,70,1
100,150,80,1
100,150,90,1
100,150,100,1
110,0,0,1
110,0,10,1
110,0,20,1
110,0,30,1
110,0,40,1
110,0,50,1
110,0,60,1
110,0,70,0
110,0,80,0
110,0,90,0
110,0,100,0
110,10,0,1
110,10,10,1
110,10,20,1
110,10,30,1
110,10,40,1
110,10,50,1
110,10,60,1
110,10,70,0
110,10,80,0
110,10,90,0
110,10,100,0
110,20,0,1
110,20,10,1
110,20,20,1
110,20,30,1
110,20,40,1
110,20,50,1
110,20,60,1
110,20,70,1
110,20,80,0
110,20,90,0
110,20,100,0
110,30,0,1
110,30,10,1
110,30,20,1
110,30,30,1
110,30,40,1
110,30,50,1
110,30,60,1
110,30,70,1
110,30,80,0
110,30,90,0
110,30,100,0
110,40,0,1
110,40,10,1
110,40,20,1
110,40,30,1
110,40,40,1
110,40,50,1
110,40,60,1
110,40,70,1
110,40,80,1
110,40,90,1
110,40,100,0
110,50,0,1
110,50,10,1
110,50,20,1
110,50,30,1
110,50,40,1
110,50,50,1
110,50,60,1
110,50,70,1
110,50,80,1
110,50,90,1
110,50,100,1
110,60,0,1
110,60,10,1
110,60,20,1
110,60,30,1
110,60,40,1
110,60,50,1
110,60,60,1
110,60,70,1
110,60,80,1
110,60,90,1
110,60,100,1
110,70,0,1
110,70,10,1
110,70,20,1
110,70,30,1
110,70,40,1
110,70,50,1
110,70,60,1
110,70,70,1
110,70,80,1
110,70,90,1
110,70,100,1
110,80,0,1
110,80,10,1
110,80,20,1
110,80,30,1
110,80,40,1
110,80,50,1
110,80,60,1
110,80,70,1
110,80,80,1
110,80,90,1
110,80,100,1
110,90,0,1
110,90,10,1
110,90,20,1
110,90,30,1
110,90,40,1
110,90,50,1
110,90,60,1
110,90,70,1
110,90,80,1
110,90,90,1
110,90,100,1
110,100,0,1
110,100,10,1
110,100,20,1
110,100,30,1
110,100,40,1
110,100,50,1
110,100,60,1
110,100,70,1
110,100,80,1
110,100,90,1
110,100,100,1
110,110,0,1
110,110,10,1
110,110,20,1
110,110,30,1
110,110,40,1
110,110,50,1
110,110,60,1
110,110,70,1
110,110,80,1
110,110,90,1
110,110,100,1
110,120,0,1
110,120,10,1
110,120,20,1
110,120,30,1
110,120,40,1
110,120,50,1
110,120,60,1
110,120,70,1
110,120,80,1
110,120,90,1
110,120,100,1
110,130,0,1
110,130,10,1
110,130,20,1
110,130,30,1
110,130,40,1
110,130,50,1
110,130,60,1
110,130,70,1
110,130,80,1
110,130,90,1
110,130,100,1
110,140,0,1
110,140,10,1
110,140,20,1
110,140,30,1
110,140,40,1
110,140,50,1
110,140,60,1
110,140,70,1
110,140,80,1
110,140,90,1
110,140,100,1
110,150,0,1
110,150,10,1
110,150,20,1
110,150,30,1
110,150,40,1
110,150,50,1
110,150,60,1
110,150,70,1
110,150,80,1
110,150,90,1
110,150,100,1
120,0,0,1
120,0,10,1
120,0,20,1
120,0,30,1
120,0,40,1
120,0,50,1
120,0,60,1
120,0,70,0
120,0,80,0
120,0,90,0
120,0,100,0
120,10,0,1
120,10,10,1
120,10,20,1
120,10,30,1
120,10,40,1
120,10,50,1
120,10,60,1
120,10,70,0
120,10,80,0
120,10,90,0
120,10,100,0
120,20,0,1
120,20,10,1
120,20,20,1
120,20,30,1
120,20,40,1
120,20,50,1
120,20,60,1
120,20,70,1
120,20,80,0
120,20,90,0
120,20,100,0
120,30,0,1
120,30,10,1
120,30,20,1
120,30,30,1
120,30,40,1
120,30,50,1
120,30,60,1
120,30,70,1
120,30,80,1
120,30,90,0
120,30,100,0
120,40,0,1
120,40,10,1
120,40,20,1
120,40,30,1
120,40,40,1
120,40,50,1
120,40,60,1
120,40,70,1
120,40,80,1
120,40,90,1
120,40,100,0
120,50,0,1
120,50,10,1
120,50,20,1
120,50,30,1
120,50,40,1
120,50,50,1
120,50,60,1
120,50,70,1
120,50,80,1
120,50,90,1
120,50,100,1
120,60,0,1
120,60,10,1
120,60,20,1
120,60,30,1
120,60,40,1
120,60,50,1
120,60,60,1
120,60,70,1
120,60,80,1
120,60,90,1
120,60,100,1
120,70,0,1
120,70,10,1
120,70,20,1
120,70,30,1
120,70,40,1
120,70,50,1
120,70,60,1
120,70,70,1
120,70,80,1
120,70,90,1
120,70,100,1
120,80,0,1
120,80,10,1
120,80,20,1
120,80,30,1
120,80,40,1
120,80,50,1
120,80,60,1
120,80,70,1
120,80,80,1
120,80,90,1
120,80,100,1
120,90,0,1
120,90,10,1
120,90,20,1
120,90,30,1
120,90,40,1
120,90,50,1
120,90,60,1
120,90,70,1
120,90,80,1
120,90,90,1
120,90,100,1
120,100,0,1
120,100,10,1
120,100,20,1
120,100,30,1
120,100,40,1
120,100,50,1
120,100,60,1
120,100,70,1
120,100,80,1
120,100,90,1
120,100,100,1
120,110,0,1
120,110,10,1
120,110,20,1
120,110,30,1
120,110,40,1
120,110,50,1
120,110,60,1
120,110,70,1
120,110,80,1
120,110,90,1
120,110,100,1
120,120,0,1
120,120,10,1
120,120,20,1
120,120,30,1
120,120,40,1
120,120,50,1
120,120,60,1
120,120,70,1
120,120,80,1
120,120,90,1
120,120,100,1
120,130,0,1
120,130,10,1
120,130,20,1
120,130,30,1
120,130,40,1
120,130,50,1
120,130,60,1
120,130,70,1
120,130,80,1
120,130,90,1
120,130,100,1
120,140,0,1
120,140,10,1
120,140,20,1
120,140,30,1
120,140,40,1
120,140,50,1
120,140,60,1
120,140,70,1
120,140,80,1
120,140,90,1
120,140,100,1
120,150,0,1
120,150,10,1
120,150,20,1
120,150,30,1
120,150,40,1
120,150,50,1
120,150,60,1
120,150,70,1
120,150,80,1
120,150,90,1
120,150,100,1
130,0,0,1
130,0,10,1
130,0,20,1
130,0,30,1
130,0,40,1
130,0,50,1
130,0,60,1
130,0,70,0
130,0,80,0
130,0,90,0
130,0,100,0
130,10,0,1
130,10,10,1
130,10,20,1
130,10,30,1
130,10,40,1
130,10,50,1
130,10,60,1
130,10,70,1
130,10,80,0
130,10,90,0
130,10,100,0
130,20,0,1
130,20,10,1
130,20,20,1
130,20,30,1
130,20,40,1
130,20,50,1
130,20,60,1
130,20,70,1
130,20,80,0
130,20,90,0
130,20,100,0
130,30,0,1
130,30,10,1
130,30,20,1
130,30,30,1
130,30,40,1
130,30,50,1
130,30,60,1
130,30,70,1
130,30,80,1
130,30,90,0
130,30,100,0
130,40,0,1
130,40,10,1
130,40,20,1
130,40,30,1
130,40,40,1
130,40,50,1
130,40,60,1
130,40,70,1
130,40,80,1
130,40,90,1
130,40,100,0
130,50,0,1
130,50,10,1
130,50,20,1
130,50,30,1
130,50,40,1
130,50,50,1
130,50,60,1
130,50,70,1
130,50,80,1
130,50,90,1
130,50,100,1
130,60,0,1
130,60,10,1
130,60,20,1
130,60,30,1
130,60,40,1
130,60,50,1
130,60,60,1
130,60,70,1
130,60,80,1
130,60,90,1
130,60,100,1
130,70,0,1
130,70,10,1
130,70,20,1
130,70,30,1
130,70,40,1
130,70,50,1
130,70,60,1
130,70,70,1
130,70,80,1
130,70,90,1
130,70,100,1
130,80,0,1
130,80,10,1
130,80,20,1
130,80,30,1
130,80,40,1
130,80,50,1
130,80,60,1
130,80,70,1
130,80,80,1
130,80,90,1
130,80,100,1
130,90,0,1
130,90,10,1
130,90,20,1
130,90,30,1
130,90,40,1
130,90,50,1
130,90,60,1
130,90,70,1
130,90,80,1
130,90,90,1
130,90,100,1
130,100,0,1
130,100,10,1
130,100,20,1
130,100,30,1
130,100,40,1
130,100,50,1
130,100,60,1
130,100,70,1
130,100,80,1
130,100,90,1
130,100,100,1
130,110,0,1
130,110,10,1
130,110,20,1
130,110,30,1
130,110,40,1
130,110,50,1
130,110,60,1
130,110,70,1
130,110,80,1
130,110,90,1
130,110,100,1
130,120,0,1
130,120,10,1
130,120,20,1
130,120,30,1
130,120,40,1
130,120,50,1
130,120,60,1
130,120,70,1
130,120,80,1
130,120,90,1
130,120,100,1
130,130,0,1
130,130,10,1
130,130,20,1
130,130,30,1
130,130,40,1
130,130,50,1
130,130,60,1
130,130,70,1
130,130,80,1
130,130,90,1
130,130,100,1
130,140,0,1
130,140,10,1
130,140,20,1
130,140,30,1
130,140,40,1
130,140,50,1
130,140,60,1
130,140,70,1
130,140,80,1
130,140,90,1
130,140,100,1
130,150,0,1
130,150,10,1
130,150,20,1
130,150,30,1
130,150,40,1
130,150,50,1
130,150,60,1
130,150,70,1
130,150,80,1
130,150,90,1
130,150,100,1
140,0,0,1
140,0,10,1
140,0,20,1
140,0,30,1
140,0,40,1
140,0,50,1
140,0,60,1
140,0,70,0
140,0,80,0
140,0,90,0
140,0,100,0
140,10,0,1
140,10,10,1
140,10,20,1
140,10,30,1
140,10,40,1
140,10,50,1
140,10,60,1
140,10,70,1
140,10,80,0
140,10,90,0
140,10,100,0
140,20,0,1
140,20,10,1
140,20,20,1
140,20,30,1
140,20,40,1
140,20,50,1
140,20,60,1
140,20,70,1
140,20,80,0
140,20,90,0
140,20,100,0
140,30,0,1
140,30,10,1
140,30,20,1
140,30,30,1
140,30,40,1
140,30,50,1
140,30,60,1
140,30,70,1
140,30,80,1
140,30,90,0
140,30,100,0
140,40,0,1
140,40,10,1
140,40,20,1
140,40,30,1
140,40,40,1
140,40,50,1
140,40,60,1
140,40,70,1
140,40,80,1
140,40,90,1
140,40,100,0
140,50,0,1
140,50,10,1
140,50,20,1
140,50,30,1
140,50,40,1
140,50,50,1
140,50,60,1
140,50,70,1
140,50,80,1
140,50,90,1
140,50,100,1
140,60,0,1
140,60,10,1
140,60,20,1
140,60,30,1
140,60,40,1
140,60,50,1
140,60,60,1
140,60,70,1
140,60,80,1
140,60,90,1
140,60,100,1
140,70,0,1
140,70,10,1
140,70,20,1
140,70,30,1
140,70,40,1
140,70,50,1
140,70,60,1
140,70,70,1
140,70,80,1
140,70,90,1
140,70,100,1
140,80,0,1
140,80,10,1
140,80,20,1
140,80,30,1
140,80,40,1
140,80,50,1
140,80,60,1
140,80,70,1
140,80,80,1
140,80,90,1
140,80,100,1
140,90,0,1
140,90,10,1
140,90,20,1
140,90,30,1
140,90,40,1
140,90,50,1
140,90,60,1
140,90,70,1
140,90,80,1
140,90,90,1
140,90,100,1
140,100,0,1
140,100,10,1
140,100,20,1
140,100,30,1
140,100,40,1
140,100,50,1
140,100,60,1
140,100,70,1
140,100,80,1
140,100,90,1
140,100,100,1
140,110,0,1
140,110,10,1
140,110,20,1
140,110,30,1
140,110,40,1
140,110,50,1
140,110,60,1
140,110,70,1
140,110,80,1
140,110,90,1
140,110,100,1
140,120,0,1
140,120,10,1
140,120,20,1
140,120,30,1
140,120,40,1
140,120,50,1
140,120,60,1
140,120,70,1
140,120,80,1
140,120,90,1
140,120,100,1
140,130,0,1
140,130,10,1
140,130,20,1
140,130,30,1
140,130,40,1
140,130,50,1
140,130,60,1
140,130,70,1
140,130,80,1
140,130,90,1
140,130,100,1
140,140,0,1
140,140,10,1
140,140,20,1
140,140,30,1
140,140,40,1
140,140,50,1
140,140,60,1
140,140,70,1
140,140,80,1
140,140,90,1
140,140,100,1
140,150,0,1
140,150,10,1
140,150,20,1
140,150,30,1
140,150,40,1
140,150,50,1
140,150,60,1
140,150,70,1
140,150,80,1
140,150,90,1
140,150,100,1
150,0,0,1
150,0,10,1
150,0,20,1
150,0,30,1
150,0,40,1
150,0,50,1
150,0,60,1
150,0,70,1
150,0,80,0
150,0,90,0
150,0,100,0
150,10,0,1
150,10,10,1
150,10,20,1
150,10,30,1
150,10,40,1
150,10,50,1
150,10,60,1
150,10,70,1
150,10,80,0
150,10,90,0
150,10,100,0
150,20,0,1
150,20,10,1
150,20,20,1
150,20,30,1
150,20,40,1
150,20,50,1
150,20,60,1
150,20,70,1
150,20,80,0
150,20,90,0
150,20,100,0
150,30,0,1
150,30,10,1
150,30,20,1
150,30,30,1
150,30,40,1
150,30,50,1
150,30,60,1
150,30,70,1
150,30,80,1
150,30,90,0
150,30,100,0
150,40,0,1
150,40,10,1
150,40,20,1
150,40,30,1
150,40,40,1
150,40,50,1
150,40,60,1
150,40,70,1
150,40,80,1
150,40,90,1
150,40,100,0
150,50,0,1
150,50,10,1
150,50,20,1
150,50,30,1
150,50,40,1
150,50,50,1
150,50,60,1
150,50,70,1
150,50,80,1
150,50,90,1
150,50,100,1
150,60,0,1
150,60,10,1
150,60,20,1
150,60,30,1
150,60,40,1
150,60,50,1
150,60,60,1
150,60,70,1
150,60,80,1
150,60,90,1
150,60,100,1
150,70,0,1
150,70,10,1
150,70,20,1
150,70,30,1
150,70,40,1
150,70,50,1
150,70,60,1
150,70,70,1
150,70,80,1
150,70,90,1
150,70,100,1
150,80,0,1
150,80,10,1
150,80,20,1
150,80,30,1
150,80,40,1
150,80,50,1
150,80,60,1
150,80,70,1
150,80,80,1
150,80,90,1
150,80,100,1
150,90,0,1
150,90,10,1
150,90,20,1
150,90,30,1
150,90,40,1
150,90,50,1
150,90,60,1
150,90,70,1
150,90,80,1
150,90,90,1
150,90,100,1
150,100,0,1
150,100,10,1
150,100,20,1
150,100,30,1
150,100,40,1
150,100,50,1
150,100,60,1
150,100,70,1
150,100,80,1
150,100,90,1
150,100,100,1
150,110,0,1
150,110,10,1
150,110,20,1
150,110,30,1
150,110,40,1
150,110,50,1
150,110,60,1
150,110,70,1
150,110,80,1
150,110,90,1
150,110,100,1
150,120,0,1
150,120,10,1
150,120,20,1
150,120,30,1
150,120,40,1
150,120,50,1
150,120,60,1
150,120,70,1
150,120,80,1
150,120,90,1
150,120,100,1
150,130,0,1
150,130,10,1
150,130,20,1
150,130,30,1
150,130,40,1
150,130,50,1
150,130,60,1
150,130,70,1
150,130,80,1
150,130,90,1
150,130,100,1
150,140,0,1
150,140,10,1
150,140,20,1
150,140,30,1
150,140,40,1
150,140,50,1
150,140,60,1
150,140,70,1
150,140,80,1
150,140,90,1
150,140,100,1
150,150,0,1
150,150,10,1
150,150,20,1
150,150,30,1
150,150,40,1
150,150,50,1
150,150,60,1
150,150,70,1
150,150,80,1
150,150,90,1
150,150,100,1